{"mean": [-0.9993366599082947, -1.0006166696548462, 0.7775300741195679, 10.068557739257812, 7.43181037902832, 17.73980140686035, -0.940453827381134, -1.1838780641555786, -0.06516778469085693, -0.37616944313049316, -0.9978593587875366], "std": [3.192005157470703, 2.6677346229553223, 4.513531684875488, 32.18062973022461, 27.402990341186523, 43.43095016479492, 70.02483367919922, 60.97877502441406, 1.9760695695877075, 1.9607269763946533, 2.150973320007324]}